S/T code,S/T name,GCCSA code,GCCSA name,SA4 code,SA4 name,SA3 code,SA3 name,SA2 code,SA2 name,2021,Area,Population density 2021
2,Victoria,2RVIC,Rest of Vic.,201,Ballarat,20101,Ballarat,201011001,Alfredton,16823,52.7,319.2
2,Victoria,2RVIC,Rest of Vic.,201,Ballarat,20101,Ballarat,201011002,Ballarat,12076,12.4,975.5
2,Victoria,2RVIC,Rest of Vic.,201,Ballarat,20101,Ballarat,201011005,Buninyong,7232,51.6,140.2
2,Victoria,2RVIC,Rest of Vic.,201,Ballarat,20101,Ballarat,201011006,Delacombe,10640,34.2,311.5
2,Victoria,2RVIC,Rest of Vic.,201,Ballarat,20101,Ballarat,201011007,Smythes Creek,4213,104.7,40.2
2,Victoria,2RVIC,Rest of Vic.,201,Ballarat,20101,Ballarat,201011008,Wendouree - Miners Rest,15314,67.6,226.6
2,Victoria,2RVIC,Rest of Vic.,201,Ballarat,20101,Ballarat,201011481,Ballarat East - Warrenheip,9656,19.2,502.5
2,Victoria,2RVIC,Rest of Vic.,201,Ballarat,20101,Ballarat,201011482,Ballarat North - Invermay,14692,73.1,200.9
2,Victoria,2RVIC,Rest of Vic.,201,Ballarat,20101,Ballarat,201011483,Canadian - Mount Clear,12207,22.3,548.1
2,Victoria,2RVIC,Rest of Vic.,201,Ballarat,20101,Ballarat,201011484,Sebastopol - Redan,13062,10.6,1234.4
2,Victoria,2RVIC,Rest of Vic.,201,Ballarat,20102,Creswick - Daylesford - Ballan,201021009,Bacchus Marsh Surrounds,6533,1038.8,6.3
2,Victoria,2RVIC,Rest of Vic.,201,Ballarat,20102,Creswick - Daylesford - Ballan,201021010,Creswick - Clunes,8036,856.8,9.4
2,Victoria,2RVIC,Rest of Vic.,201,Ballarat,20102,Creswick - Daylesford - Ballan,201021011,Daylesford,9870,920.8,10.7
2,Victoria,2RVIC,Rest of Vic.,201,Ballarat,20102,Creswick - Daylesford - Ballan,201021012,Gordon (Vic.),6337,850.3,7.5
2,Victoria,2RVIC,Rest of Vic.,201,Ballarat,20103,Maryborough - Pyrenees,201031013,Avoca,3498,1714.2,2.0
2,Victoria,2RVIC,Rest of Vic.,201,Ballarat,20103,Maryborough - Pyrenees,201031014,Beaufort,4618,1863.0,2.5
2,Victoria,2RVIC,Rest of Vic.,201,Ballarat,20103,Maryborough - Pyrenees,201031015,Golden Plains - North,4868,922.1,5.3
2,Victoria,2RVIC,Rest of Vic.,201,Ballarat,20103,Maryborough - Pyrenees,201031016,Maryborough (Vic.),8116,45.5,178.2
2,Victoria,2RVIC,Rest of Vic.,201,Ballarat,20103,Maryborough - Pyrenees,201031017,Maryborough Surrounds,5475,1627.6,3.4
2,Victoria,2RVIC,Rest of Vic.,202,Bendigo,20201,Bendigo,202011018,Bendigo,14951,16.1,929.8
2,Victoria,2RVIC,Rest of Vic.,202,Bendigo,20201,Bendigo,202011019,California Gully - Eaglehawk,12923,32.9,392.4
2,Victoria,2RVIC,Rest of Vic.,202,Bendigo,20201,Bendigo,202011020,East Bendigo - Kennington,13925,17.1,812.0
2,Victoria,2RVIC,Rest of Vic.,202,Bendigo,20201,Bendigo,202011021,Flora Hill - Spring Gully,9420,13.2,713.5
2,Victoria,2RVIC,Rest of Vic.,202,Bendigo,20201,Bendigo,202011022,Kangaroo Flat - Golden Square,21060,40.9,514.7
2,Victoria,2RVIC,Rest of Vic.,202,Bendigo,20201,Bendigo,202011023,Maiden Gully,5500,43.0,128.0
2,Victoria,2RVIC,Rest of Vic.,202,Bendigo,20201,Bendigo,202011024,Strathfieldsaye,10676,56.4,189.2
2,Victoria,2RVIC,Rest of Vic.,202,Bendigo,20201,Bendigo,202011025,White Hills - Ascot,14444,67.8,213.1
2,Victoria,2RVIC,Rest of Vic.,202,Bendigo,20202,Heathcote - Castlemaine - Kyneton,202021026,Bendigo Surrounds - South,8306,796.9,10.4
2,Victoria,2RVIC,Rest of Vic.,202,Bendigo,20202,Heathcote - Castlemaine - Kyneton,202021027,Castlemaine,11285,83.9,134.5
2,Victoria,2RVIC,Rest of Vic.,202,Bendigo,20202,Heathcote - Castlemaine - Kyneton,202021028,Castlemaine Surrounds,9145,1515.0,6.0
2,Victoria,2RVIC,Rest of Vic.,202,Bendigo,20202,Heathcote - Castlemaine - Kyneton,202021029,Heathcote,5023,756.8,6.6
2,Victoria,2RVIC,Rest of Vic.,202,Bendigo,20202,Heathcote - Castlemaine - Kyneton,202021030,Kyneton,10494,556.5,18.9
2,Victoria,2RVIC,Rest of Vic.,202,Bendigo,20202,Heathcote - Castlemaine - Kyneton,202021031,Woodend,7908,211.9,37.3
2,Victoria,2RVIC,Rest of Vic.,202,Bendigo,20203,Loddon - Elmore,202031032,Bendigo Surrounds - North,4906,1440.2,3.4
2,Victoria,2RVIC,Rest of Vic.,202,Bendigo,20203,Loddon - Elmore,202031033,Loddon,7230,6193.3,1.2
2,Victoria,2RVIC,Rest of Vic.,203,Geelong,20301,Barwon - West,203011034,Bannockburn,7733,192.1,40.3
2,Victoria,2RVIC,Rest of Vic.,203,Geelong,20301,Barwon - West,203011035,Golden Plains - South,8065,1484.5,5.4
2,Victoria,2RVIC,Rest of Vic.,203,Geelong,20301,Barwon - West,203011036,Winchelsea,6582,903.3,7.3
2,Victoria,2RVIC,Rest of Vic.,203,Geelong,20302,Geelong,203021037,Belmont,14994,9.4,1600.6
2,Victoria,2RVIC,Rest of Vic.,203,Geelong,20302,Geelong,203021039,Geelong,13477,12.8,1051.5
2,Victoria,2RVIC,Rest of Vic.,203,Geelong,20302,Geelong,203021040,Geelong West - Hamlyn Heights,21244,32.0,663.1
2,Victoria,2RVIC,Rest of Vic.,203,Geelong,20302,Geelong,203021042,Highton,24079,40.6,593.3
2,Victoria,2RVIC,Rest of Vic.,203,Geelong,20302,Geelong,203021043,Lara,20850,588.6,35.4
2,Victoria,2RVIC,Rest of Vic.,203,Geelong,20302,Geelong,203021044,Leopold,13213,27.9,473.1
2,Victoria,2RVIC,Rest of Vic.,203,Geelong,20302,Geelong,203021045,Newcomb - Moolap,15402,43.3,355.8
2,Victoria,2RVIC,Rest of Vic.,203,Geelong,20302,Geelong,203021046,Newtown (Vic.),10406,5.8,1791.7
2,Victoria,2RVIC,Rest of Vic.,203,Geelong,20302,Geelong,203021047,North Geelong - Bell Park,15739,21.9,717.6
2,Victoria,2RVIC,Rest of Vic.,203,Geelong,20302,Geelong,203021485,Charlemont,10315,18.1,569.4
2,Victoria,2RVIC,Rest of Vic.,203,Geelong,20302,Geelong,203021486,Corio - Lovely Banks,18359,74.4,246.9
2,Victoria,2RVIC,Rest of Vic.,203,Geelong,20302,Geelong,203021487,Grovedale - Mount Duneed,24796,37.6,659.7
2,Victoria,2RVIC,Rest of Vic.,203,Geelong,20302,Geelong,203021488,Norlane,9039,6.5,1398.7
2,Victoria,2RVIC,Rest of Vic.,203,Geelong,20303,Surf Coast - Bellarine Peninsula,203031048,Clifton Springs,16716,65.1,256.6
2,Victoria,2RVIC,Rest of Vic.,203,Geelong,20303,Surf Coast - Bellarine Peninsula,203031049,Lorne - Anglesea,6189,448.0,13.8
2,Victoria,2RVIC,Rest of Vic.,203,Geelong,20303,Surf Coast - Bellarine Peninsula,203031051,Portarlington,9450,71.9,131.5
2,Victoria,2RVIC,Rest of Vic.,203,Geelong,20303,Surf Coast - Bellarine Peninsula,203031052,Point Lonsdale - Queenscliff,5456,61.7,88.5
2,Victoria,2RVIC,Rest of Vic.,203,Geelong,20303,Surf Coast - Bellarine Peninsula,203031053,Torquay,24617,126.3,194.9
2,Victoria,2RVIC,Rest of Vic.,203,Geelong,20303,Surf Coast - Bellarine Peninsula,203031489,Barwon Heads - Armstrong Creek,11314,88.2,128.3
2,Victoria,2RVIC,Rest of Vic.,203,Geelong,20303,Surf Coast - Bellarine Peninsula,203031490,Ocean Grove,19384,68.8,281.9
2,Victoria,2RVIC,Rest of Vic.,204,Hume,20401,Upper Goulburn Valley,204011054,Alexandra,6768,2119.0,3.2
2,Victoria,2RVIC,Rest of Vic.,204,Hume,20401,Upper Goulburn Valley,204011055,Euroa,6864,2057.9,3.3
2,Victoria,2RVIC,Rest of Vic.,204,Hume,20401,Upper Goulburn Valley,204011056,Kilmore - Broadford,15517,461.5,33.6
2,Victoria,2RVIC,Rest of Vic.,204,Hume,20401,Upper Goulburn Valley,204011057,Mansfield (Vic.),10454,3927.9,2.7
2,Victoria,2RVIC,Rest of Vic.,204,Hume,20401,Upper Goulburn Valley,204011058,Nagambie,4507,1294.3,3.5
2,Victoria,2RVIC,Rest of Vic.,204,Hume,20401,Upper Goulburn Valley,204011059,Seymour,6545,79.3,82.5
2,Victoria,2RVIC,Rest of Vic.,204,Hume,20401,Upper Goulburn Valley,204011060,Seymour Surrounds,4632,1688.8,2.7
2,Victoria,2RVIC,Rest of Vic.,204,Hume,20401,Upper Goulburn Valley,204011061,Upper Yarra Valley,240,856.3,0.3
2,Victoria,2RVIC,Rest of Vic.,204,Hume,20401,Upper Goulburn Valley,204011062,Yea,4142,1474.3,2.8
2,Victoria,2RVIC,Rest of Vic.,204,Hume,20402,Wangaratta - Benalla,204021063,Benalla,10750,315.3,34.1
2,Victoria,2RVIC,Rest of Vic.,204,Hume,20402,Wangaratta - Benalla,204021064,Benalla Surrounds,3752,2105.3,1.8
2,Victoria,2RVIC,Rest of Vic.,204,Hume,20402,Wangaratta - Benalla,204021065,Rutherglen,4019,479.8,8.4
2,Victoria,2RVIC,Rest of Vic.,204,Hume,20402,Wangaratta - Benalla,204021066,Wangaratta,19877,57.6,345.2
2,Victoria,2RVIC,Rest of Vic.,204,Hume,20402,Wangaratta - Benalla,204021067,Wangaratta Surrounds,9863,3587.5,2.7
2,Victoria,2RVIC,Rest of Vic.,204,Hume,20403,Wodonga - Alpine,204031068,Beechworth,4954,371.3,13.3
2,Victoria,2RVIC,Rest of Vic.,204,Hume,20403,Wodonga - Alpine,204031069,Bright - Mount Beauty,8848,4253.7,2.1
2,Victoria,2RVIC,Rest of Vic.,204,Hume,20403,Wodonga - Alpine,204031070,Chiltern - Indigo Valley,3158,513.1,6.2
2,Victoria,2RVIC,Rest of Vic.,204,Hume,20403,Wodonga - Alpine,204031071,Myrtleford,4716,553.4,8.5
2,Victoria,2RVIC,Rest of Vic.,204,Hume,20403,Wodonga - Alpine,204031072,Towong,6153,6668.9,0.9
2,Victoria,2RVIC,Rest of Vic.,204,Hume,20403,Wodonga - Alpine,204031073,West Wodonga,15357,153.9,99.8
2,Victoria,2RVIC,Rest of Vic.,204,Hume,20403,Wodonga - Alpine,204031075,Yackandandah,5187,708.2,7.3
2,Victoria,2RVIC,Rest of Vic.,204,Hume,20403,Wodonga - Alpine,204031491,Baranduda - Leneva,12782,248.8,51.4
2,Victoria,2RVIC,Rest of Vic.,204,Hume,20403,Wodonga - Alpine,204031492,Wodonga,15044,30.3,496.3
2,Victoria,2RVIC,Rest of Vic.,205,Latrobe - Gippsland,20501,Baw Baw,205011076,Drouin,19790,326.8,60.6
2,Victoria,2RVIC,Rest of Vic.,205,Latrobe - Gippsland,20501,Baw Baw,205011077,Mount Baw Baw Region,6539,2753.3,2.4
2,Victoria,2RVIC,Rest of Vic.,205,Latrobe - Gippsland,20501,Baw Baw,205011078,Trafalgar (Vic.),8313,501.5,16.6
2,Victoria,2RVIC,Rest of Vic.,205,Latrobe - Gippsland,20501,Baw Baw,205011079,Warragul,23080,352.2,65.5
2,Victoria,2RVIC,Rest of Vic.,205,Latrobe - Gippsland,20502,Gippsland - East,205021080,Alps - East,0,2071.3,0.0
2,Victoria,2RVIC,Rest of Vic.,205,Latrobe - Gippsland,20502,Gippsland - East,205021081,Bairnsdale,15648,155.0,100.9
2,Victoria,2RVIC,Rest of Vic.,205,Latrobe - Gippsland,20502,Gippsland - East,205021082,Bruthen - Omeo,8238,7377.4,1.1
2,Victoria,2RVIC,Rest of Vic.,205,Latrobe - Gippsland,20502,Gippsland - East,205021083,Lake King,0,93.9,0.0
2,Victoria,2RVIC,Rest of Vic.,205,Latrobe - Gippsland,20502,Gippsland - East,205021084,Lakes Entrance,11091,214.0,51.8
2,Victoria,2RVIC,Rest of Vic.,205,Latrobe - Gippsland,20502,Gippsland - East,205021085,Orbost,6690,11383.7,0.6
2,Victoria,2RVIC,Rest of Vic.,205,Latrobe - Gippsland,20502,Gippsland - East,205021086,Paynesville,6897,417.9,16.5
2,Victoria,2RVIC,Rest of Vic.,205,Latrobe - Gippsland,20503,Gippsland - South West,205031087,Foster,9377,1498.8,6.3
2,Victoria,2RVIC,Rest of Vic.,205,Latrobe - Gippsland,20503,Gippsland - South West,205031088,French Island,138,170.2,0.8
2,Victoria,2RVIC,Rest of Vic.,205,Latrobe - Gippsland,20503,Gippsland - South West,205031089,Korumburra,9783,600.7,16.3
2,Victoria,2RVIC,Rest of Vic.,205,Latrobe - Gippsland,20503,Gippsland - South West,205031090,Leongatha,11434,801.0,14.3
2,Victoria,2RVIC,Rest of Vic.,205,Latrobe - Gippsland,20503,Gippsland - South West,205031091,Phillip Island,13724,100.6,136.5
2,Victoria,2RVIC,Rest of Vic.,205,Latrobe - Gippsland,20503,Gippsland - South West,205031092,Wilsons Promontory,15,481.5,0.0
2,Victoria,2RVIC,Rest of Vic.,205,Latrobe - Gippsland,20503,Gippsland - South West,205031093,Wonthaggi - Inverloch,26723,728.8,36.7
2,Victoria,2RVIC,Rest of Vic.,205,Latrobe - Gippsland,20504,Latrobe Valley,205041094,Churchill,11855,796.5,14.9
2,Victoria,2RVIC,Rest of Vic.,205,Latrobe - Gippsland,20504,Latrobe Valley,205041095,Moe - Newborough,17263,105.3,164.0
2,Victoria,2RVIC,Rest of Vic.,205,Latrobe - Gippsland,20504,Latrobe Valley,205041096,Morwell,14393,85.5,168.4
2,Victoria,2RVIC,Rest of Vic.,205,Latrobe - Gippsland,20504,Latrobe Valley,205041098,Yallourn North - Glengarry,4691,342.7,13.7
2,Victoria,2RVIC,Rest of Vic.,205,Latrobe - Gippsland,20504,Latrobe Valley,205041493,Traralgon - East,11966,108.3,110.5
2,Victoria,2RVIC,Rest of Vic.,205,Latrobe - Gippsland,20504,Latrobe Valley,205041494,Traralgon - West,16769,41.3,405.6
2,Victoria,2RVIC,Rest of Vic.,205,Latrobe - Gippsland,20505,Wellington,205051099,Alps - West,23,2955.7,0.0
2,Victoria,2RVIC,Rest of Vic.,205,Latrobe - Gippsland,20505,Wellington,205051100,Longford - Loch Sport,4901,1610.8,3.0
2,Victoria,2RVIC,Rest of Vic.,205,Latrobe - Gippsland,20505,Wellington,205051101,Maffra,14693,2532.3,5.8
2,Victoria,2RVIC,Rest of Vic.,205,Latrobe - Gippsland,20505,Wellington,205051102,Rosedale,4909,968.5,5.1
2,Victoria,2RVIC,Rest of Vic.,205,Latrobe - Gippsland,20505,Wellington,205051103,Sale,15259,45.6,334.6
2,Victoria,2RVIC,Rest of Vic.,205,Latrobe - Gippsland,20505,Wellington,205051104,Yarram,5556,1931.9,2.9
2,Victoria,2GMEL,Greater Melbourne,206,Melbourne - Inner,20601,Brunswick - Coburg,206011106,Brunswick East,12963,2.2,5978.7
2,Victoria,2GMEL,Greater Melbourne,206,Melbourne - Inner,20601,Brunswick - Coburg,206011107,Brunswick West,14499,3.2,4560.2
2,Victoria,2GMEL,Greater Melbourne,206,Melbourne - Inner,20601,Brunswick - Coburg,206011109,Pascoe Vale South,10461,3.0,3500.2
2,Victoria,2GMEL,Greater Melbourne,206,Melbourne - Inner,20601,Brunswick - Coburg,206011495,Brunswick - North,13091,2.4,5434.0
2,Victoria,2GMEL,Greater Melbourne,206,Melbourne - Inner,20601,Brunswick - Coburg,206011496,Brunswick - South,13215,2.7,4834.6
2,Victoria,2GMEL,Greater Melbourne,206,Melbourne - Inner,20601,Brunswick - Coburg,206011497,Coburg - East,12672,3.7,3381.8
2,Victoria,2GMEL,Greater Melbourne,206,Melbourne - Inner,20601,Brunswick - Coburg,206011498,Coburg - West,14187,3.2,4450.7
2,Victoria,2GMEL,Greater Melbourne,206,Melbourne - Inner,20602,Darebin - South,206021110,Alphington - Fairfield,9072,2.9,3144.2
2,Victoria,2GMEL,Greater Melbourne,206,Melbourne - Inner,20602,Darebin - South,206021112,Thornbury,19152,5.0,3832.5
2,Victoria,2GMEL,Greater Melbourne,206,Melbourne - Inner,20602,Darebin - South,206021499,Northcote - East,15230,3.5,4334.8
2,Victoria,2GMEL,Greater Melbourne,206,Melbourne - Inner,20602,Darebin - South,206021500,Northcote - West,10427,2.6,3962.2
2,Victoria,2GMEL,Greater Melbourne,206,Melbourne - Inner,20603,Essendon,206031113,Ascot Vale,15351,3.8,4001.7
2,Victoria,2GMEL,Greater Melbourne,206,Melbourne - Inner,20603,Essendon,206031115,Flemington,9190,1.6,5813.5
2,Victoria,2GMEL,Greater Melbourne,206,Melbourne - Inner,20603,Essendon,206031116,Moonee Ponds,16406,4.4,3767.1
2,Victoria,2GMEL,Greater Melbourne,206,Melbourne - Inner,20603,Essendon,206031501,Essendon (West) - Aberfeldie,16180,4.9,3309.7
2,Victoria,2GMEL,Greater Melbourne,206,Melbourne - Inner,20603,Essendon,206031502,Essendon - East,12313,3.6,3464.3
2,Victoria,2GMEL,Greater Melbourne,206,Melbourne - Inner,20604,Melbourne City,206041117,Carlton,17198,1.8,9456.2
2,Victoria,2GMEL,Greater Melbourne,206,Melbourne - Inner,20604,Melbourne City,206041118,Docklands,15942,2.4,6522.9
2,Victoria,2GMEL,Greater Melbourne,206,Melbourne - Inner,20604,Melbourne City,206041119,East Melbourne,4962,2.9,1711.2
2,Victoria,2GMEL,Greater Melbourne,206,Melbourne - Inner,20604,Melbourne City,206041120,Flemington Racecourse,78,1.7,45.6
2,Victoria,2GMEL,Greater Melbourne,206,Melbourne - Inner,20604,Melbourne City,206041121,Kensington (Vic.),10874,2.1,5064.7
2,Victoria,2GMEL,Greater Melbourne,206,Melbourne - Inner,20604,Melbourne City,206041124,Parkville,7446,4.0,1838.9
2,Victoria,2GMEL,Greater Melbourne,206,Melbourne - Inner,20604,Melbourne City,206041125,South Yarra - West,6542,1.5,4353.5
2,Victoria,2GMEL,Greater Melbourne,206,Melbourne - Inner,20604,Melbourne City,206041127,West Melbourne - Industrial,0,6.2,0.0
2,Victoria,2GMEL,Greater Melbourne,206,Melbourne - Inner,20604,Melbourne City,206041503,Melbourne CBD - East,10205,0.8,12724.4
2,Victoria,2GMEL,Greater Melbourne,206,Melbourne - Inner,20604,Melbourne City,206041504,Melbourne CBD - North,17439,0.6,31052.4
2,Victoria,2GMEL,Greater Melbourne,206,Melbourne - Inner,20604,Melbourne City,206041505,Melbourne CBD - West,16179,1.0,16096.9
2,Victoria,2GMEL,Greater Melbourne,206,Melbourne - Inner,20604,Melbourne City,206041506,North Melbourne,15998,2.4,6597.7
2,Victoria,2GMEL,Greater Melbourne,206,Melbourne - Inner,20604,Melbourne City,206041507,Royal Botanic Gardens Victoria,0,1.4,0.0
2,Victoria,2GMEL,Greater Melbourne,206,Melbourne - Inner,20604,Melbourne City,206041508,Southbank (West) - South Wharf,6635,0.8,7809.6
2,Victoria,2GMEL,Greater Melbourne,206,Melbourne - Inner,20604,Melbourne City,206041509,Southbank - East,16538,0.8,20569.7
2,Victoria,2GMEL,Greater Melbourne,206,Melbourne - Inner,20604,Melbourne City,206041510,West Melbourne - Residential,7619,0.8,9238.5
2,Victoria,2GMEL,Greater Melbourne,206,Melbourne - Inner,20605,Port Phillip,206051128,Albert Park,16023,4.7,3427.6
2,Victoria,2GMEL,Greater Melbourne,206,Melbourne - Inner,20605,Port Phillip,206051129,Elwood,15041,2.6,5891.5
2,Victoria,2GMEL,Greater Melbourne,206,Melbourne - Inner,20605,Port Phillip,206051130,Port Melbourne,16373,2.8,5869.7
2,Victoria,2GMEL,Greater Melbourne,206,Melbourne - Inner,20605,Port Phillip,206051134,St Kilda East,16085,2.4,6664.6
2,Victoria,2GMEL,Greater Melbourne,206,Melbourne - Inner,20605,Port Phillip,206051511,Port Melbourne Industrial,1942,7.6,254.1
2,Victoria,2GMEL,Greater Melbourne,206,Melbourne - Inner,20605,Port Phillip,206051512,South Melbourne,11860,1.9,6276.1
2,Victoria,2GMEL,Greater Melbourne,206,Melbourne - Inner,20605,Port Phillip,206051513,St Kilda - Central,12100,1.5,7869.9
2,Victoria,2GMEL,Greater Melbourne,206,Melbourne - Inner,20605,Port Phillip,206051514,St Kilda - West,14104,2.4,5966.9
2,Victoria,2GMEL,Greater Melbourne,206,Melbourne - Inner,20606,Stonnington - West,206061135,Armadale,9436,2.2,4321.5
2,Victoria,2GMEL,Greater Melbourne,206,Melbourne - Inner,20606,Stonnington - West,206061136,Prahran - Windsor,19460,2.9,6698.1
2,Victoria,2GMEL,Greater Melbourne,206,Melbourne - Inner,20606,Stonnington - West,206061138,Toorak,13098,4.3,3029.6
2,Victoria,2GMEL,Greater Melbourne,206,Melbourne - Inner,20606,Stonnington - West,206061515,South Yarra - North,11456,1.2,9794.8
2,Victoria,2GMEL,Greater Melbourne,206,Melbourne - Inner,20606,Stonnington - West,206061516,South Yarra - South,10125,1.3,7513.9
2,Victoria,2GMEL,Greater Melbourne,206,Melbourne - Inner,20607,Yarra,206071139,Abbotsford,9262,1.7,5321.5
2,Victoria,2GMEL,Greater Melbourne,206,Melbourne - Inner,20607,Yarra,206071140,Carlton North - Princes Hill,8295,2.3,3599.9
2,Victoria,2GMEL,Greater Melbourne,206,Melbourne - Inner,20607,Yarra,206071141,Collingwood,9348,1.3,7378.6
2,Victoria,2GMEL,Greater Melbourne,206,Melbourne - Inner,20607,Yarra,206071142,Fitzroy,10609,1.4,7699.4
2,Victoria,2GMEL,Greater Melbourne,206,Melbourne - Inner,20607,Yarra,206071143,Fitzroy North,12955,2.5,5171.5
2,Victoria,2GMEL,Greater Melbourne,206,Melbourne - Inner,20607,Yarra,206071145,Clifton Hill - Alphington,9980,5.2,1916.0
2,Victoria,2GMEL,Greater Melbourne,206,Melbourne - Inner,20607,Yarra,206071517,Richmond (South) - Cremorne,17972,4.3,4190.2
2,Victoria,2GMEL,Greater Melbourne,206,Melbourne - Inner,20607,Yarra,206071518,Richmond - North,14083,1.9,7322.3
2,Victoria,2GMEL,Greater Melbourne,207,Melbourne - Inner East,20701,Boroondara,207011146,Ashburton (Vic.),8025,2.8,2829.1
2,Victoria,2GMEL,Greater Melbourne,207,Melbourne - Inner East,20701,Boroondara,207011147,Balwyn,16332,5.6,2924.2
2,Victoria,2GMEL,Greater Melbourne,207,Melbourne - Inner East,20701,Boroondara,207011148,Balwyn North,21411,8.8,2419.5
2,Victoria,2GMEL,Greater Melbourne,207,Melbourne - Inner East,20701,Boroondara,207011149,Camberwell,21512,7.3,2950.1
2,Victoria,2GMEL,Greater Melbourne,207,Melbourne - Inner East,20701,Boroondara,207011150,Glen Iris - East,17010,5.7,2981.6
2,Victoria,2GMEL,Greater Melbourne,207,Melbourne - Inner East,20701,Boroondara,207011152,Hawthorn East,15898,3.8,4157.4
2,Victoria,2GMEL,Greater Melbourne,207,Melbourne - Inner East,20701,Boroondara,207011154,Kew East,6557,4.0,1633.0
2,Victoria,2GMEL,Greater Melbourne,207,Melbourne - Inner East,20701,Boroondara,207011155,Surrey Hills (West) - Canterbury,16090,5.7,2821.5
2,Victoria,2GMEL,Greater Melbourne,207,Melbourne - Inner East,20701,Boroondara,207011519,Hawthorn - North,10037,2.5,4087.1
2,Victoria,2GMEL,Greater Melbourne,207,Melbourne - Inner East,20701,Boroondara,207011520,Hawthorn - South,12151,3.2,3777.9
2,Victoria,2GMEL,Greater Melbourne,207,Melbourne - Inner East,20701,Boroondara,207011521,Kew - South,11725,4.3,2711.9
2,Victoria,2GMEL,Greater Melbourne,207,Melbourne - Inner East,20701,Boroondara,207011522,Kew - West,13153,6.2,2117.8
2,Victoria,2GMEL,Greater Melbourne,207,Melbourne - Inner East,20702,Manningham - West,207021156,Bulleen,11371,6.7,1704.5
2,Victoria,2GMEL,Greater Melbourne,207,Melbourne - Inner East,20702,Manningham - West,207021157,Doncaster,25172,8.8,2869.0
2,Victoria,2GMEL,Greater Melbourne,207,Melbourne - Inner East,20702,Manningham - West,207021159,Templestowe,17105,16.1,1061.3
2,Victoria,2GMEL,Greater Melbourne,207,Melbourne - Inner East,20702,Manningham - West,207021160,Templestowe Lower,14278,5.9,2404.3
2,Victoria,2GMEL,Greater Melbourne,207,Melbourne - Inner East,20702,Manningham - West,207021424,Doncaster East - North,15792,6.4,2466.3
2,Victoria,2GMEL,Greater Melbourne,207,Melbourne - Inner East,20702,Manningham - West,207021425,Doncaster East - South,15593,4.8,3270.1
2,Victoria,2GMEL,Greater Melbourne,207,Melbourne - Inner East,20703,Whitehorse - West,207031161,Blackburn,22360,8.6,2597.7
2,Victoria,2GMEL,Greater Melbourne,207,Melbourne - Inner East,20703,Whitehorse - West,207031162,Blackburn South,11022,3.6,3064.6
2,Victoria,2GMEL,Greater Melbourne,207,Melbourne - Inner East,20703,Whitehorse - West,207031163,Box Hill,23232,7.0,3313.0
2,Victoria,2GMEL,Greater Melbourne,207,Melbourne - Inner East,20703,Whitehorse - West,207031164,Box Hill North,18304,6.2,2948.1
2,Victoria,2GMEL,Greater Melbourne,207,Melbourne - Inner East,20703,Whitehorse - West,207031165,Burwood (Vic.),12543,5.0,2489.1
2,Victoria,2GMEL,Greater Melbourne,207,Melbourne - Inner East,20703,Whitehorse - West,207031166,Burwood East,10778,4.3,2528.3
2,Victoria,2GMEL,Greater Melbourne,207,Melbourne - Inner East,20703,Whitehorse - West,207031167,Surrey Hills (East) - Mont Albert,10262,3.3,3083.6
2,Victoria,2GMEL,Greater Melbourne,208,Melbourne - Inner South,20801,Bayside,208011168,Beaumaris,14124,6.0,2366.7
2,Victoria,2GMEL,Greater Melbourne,208,Melbourne - Inner South,20801,Bayside,208011169,Brighton (Vic.),23053,8.2,2811.2
2,Victoria,2GMEL,Greater Melbourne,208,Melbourne - Inner South,20801,Bayside,208011170,Brighton East,16695,5.6,2976.8
2,Victoria,2GMEL,Greater Melbourne,208,Melbourne - Inner South,20801,Bayside,208011171,Highett (West) - Cheltenham,12541,5.3,2357.4
2,Victoria,2GMEL,Greater Melbourne,208,Melbourne - Inner South,20801,Bayside,208011172,Hampton,18406,5.7,3237.8
2,Victoria,2GMEL,Greater Melbourne,208,Melbourne - Inner South,20801,Bayside,208011173,Sandringham - Black Rock,17518,6.4,2724.4
2,Victoria,2GMEL,Greater Melbourne,208,Melbourne - Inner South,20802,Glen Eira,208021174,Bentleigh - McKinnon,25201,6.2,4048.9
2,Victoria,2GMEL,Greater Melbourne,208,Melbourne - Inner South,20802,Glen Eira,208021176,Carnegie,18803,3.8,4942.3
2,Victoria,2GMEL,Greater Melbourne,208,Melbourne - Inner South,20802,Glen Eira,208021177,Caulfield - North,22739,6.4,3542.5
2,Victoria,2GMEL,Greater Melbourne,208,Melbourne - Inner South,20802,Glen Eira,208021178,Caulfield - South,18232,4.7,3844.3
2,Victoria,2GMEL,Greater Melbourne,208,Melbourne - Inner South,20802,Glen Eira,208021179,Elsternwick,12032,2.9,4204.6
2,Victoria,2GMEL,Greater Melbourne,208,Melbourne - Inner South,20802,Glen Eira,208021180,Hughesdale,7644,2.0,3803.9
2,Victoria,2GMEL,Greater Melbourne,208,Melbourne - Inner South,20802,Glen Eira,208021181,Murrumbeena,9471,2.5,3766.1
2,Victoria,2GMEL,Greater Melbourne,208,Melbourne - Inner South,20802,Glen Eira,208021182,Ormond - Glen Huntly,13298,2.9,4527.6
2,Victoria,2GMEL,Greater Melbourne,208,Melbourne - Inner South,20802,Glen Eira,208021426,Bentleigh East - North,16756,4.6,3643.5
2,Victoria,2GMEL,Greater Melbourne,208,Melbourne - Inner South,20802,Glen Eira,208021427,Bentleigh East - South,14153,4.6,3084.7
2,Victoria,2GMEL,Greater Melbourne,208,Melbourne - Inner South,20803,Kingston,208031183,Aspendale Gardens - Waterways,8927,5.3,1682.0
2,Victoria,2GMEL,Greater Melbourne,208,Melbourne - Inner South,20803,Kingston,208031184,Braeside,28,9.1,3.1
2,Victoria,2GMEL,Greater Melbourne,208,Melbourne - Inner South,20803,Kingston,208031185,Carrum - Patterson Lakes,12115,5.8,2080.1
2,Victoria,2GMEL,Greater Melbourne,208,Melbourne - Inner South,20803,Kingston,208031186,Chelsea - Bonbeach,15314,5.4,2823.9
2,Victoria,2GMEL,Greater Melbourne,208,Melbourne - Inner South,20803,Kingston,208031187,Chelsea Heights,5428,3.2,1698.5
2,Victoria,2GMEL,Greater Melbourne,208,Melbourne - Inner South,20803,Kingston,208031188,Highett (East) - Cheltenham,24355,8.7,2787.4
2,Victoria,2GMEL,Greater Melbourne,208,Melbourne - Inner South,20803,Kingston,208031189,Edithvale - Aspendale,13663,5.1,2679.0
2,Victoria,2GMEL,Greater Melbourne,208,Melbourne - Inner South,20803,Kingston,208031190,Mentone,13304,4.5,2989.7
2,Victoria,2GMEL,Greater Melbourne,208,Melbourne - Inner South,20803,Kingston,208031191,Moorabbin - Heatherton,9198,11.7,786.2
2,Victoria,2GMEL,Greater Melbourne,208,Melbourne - Inner South,20803,Kingston,208031192,Moorabbin Airport,26,3.1,8.5
2,Victoria,2GMEL,Greater Melbourne,208,Melbourne - Inner South,20803,Kingston,208031193,Mordialloc - Parkdale,21429,8.0,2689.3
2,Victoria,2GMEL,Greater Melbourne,208,Melbourne - Inner South,20804,Stonnington - East,208041194,Malvern - Glen Iris,20482,6.2,3327.6
2,Victoria,2GMEL,Greater Melbourne,208,Melbourne - Inner South,20804,Stonnington - East,208041195,Malvern East,22221,7.6,2936.7
2,Victoria,2GMEL,Greater Melbourne,209,Melbourne - North East,20901,Banyule,209011196,Bundoora - East,9925,4.1,2435.6
2,Victoria,2GMEL,Greater Melbourne,209,Melbourne - North East,20901,Banyule,209011197,Greensborough,20997,10.1,2079.4
2,Victoria,2GMEL,Greater Melbourne,209,Melbourne - North East,20901,Banyule,209011198,Heidelberg - Rosanna,16202,6.4,2542.8
2,Victoria,2GMEL,Greater Melbourne,209,Melbourne - North East,20901,Banyule,209011199,Heidelberg West,15038,6.7,2247.4
2,Victoria,2GMEL,Greater Melbourne,209,Melbourne - North East,20901,Banyule,209011200,Ivanhoe,12561,5.0,2487.4
2,Victoria,2GMEL,Greater Melbourne,209,Melbourne - North East,20901,Banyule,209011201,Ivanhoe East - Eaglemont,7801,4.3,1824.0
2,Victoria,2GMEL,Greater Melbourne,209,Melbourne - North East,20901,Banyule,209011202,Montmorency - Briar Hill,16658,12.0,1385.0
2,Victoria,2GMEL,Greater Melbourne,209,Melbourne - North East,20901,Banyule,209011203,Viewbank - Yallambie,18891,10.2,1845.2
2,Victoria,2GMEL,Greater Melbourne,209,Melbourne - North East,20901,Banyule,209011204,Watsonia,9303,3.8,2457.4
2,Victoria,2GMEL,Greater Melbourne,209,Melbourne - North East,20902,Darebin - North,209021205,Kingsbury,10564,9.0,1172.6
2,Victoria,2GMEL,Greater Melbourne,209,Melbourne - North East,20902,Darebin - North,209021428,Preston - East,20997,7.7,2710.8
2,Victoria,2GMEL,Greater Melbourne,209,Melbourne - North East,20902,Darebin - North,209021429,Preston - West,12828,3.6,3595.4
2,Victoria,2GMEL,Greater Melbourne,209,Melbourne - North East,20902,Darebin - North,209021523,Reservoir - North East,14989,4.8,3130.5
2,Victoria,2GMEL,Greater Melbourne,209,Melbourne - North East,20902,Darebin - North,209021524,Reservoir - North West,9887,4.5,2182.7
2,Victoria,2GMEL,Greater Melbourne,209,Melbourne - North East,20902,Darebin - North,209021525,Reservoir - South East,12941,4.2,3097.2
2,Victoria,2GMEL,Greater Melbourne,209,Melbourne - North East,20902,Darebin - North,209021526,Reservoir - South West,14248,5.6,2533.1
2,Victoria,2GMEL,Greater Melbourne,209,Melbourne - North East,20903,Nillumbik - Kinglake,209031209,Eltham,23711,19.5,1216.7
2,Victoria,2GMEL,Greater Melbourne,209,Melbourne - North East,20903,Nillumbik - Kinglake,209031210,Hurstbridge,3573,14.8,240.7
2,Victoria,2GMEL,Greater Melbourne,209,Melbourne - North East,20903,Nillumbik - Kinglake,209031211,Kinglake,4235,319.5,13.3
2,Victoria,2GMEL,Greater Melbourne,209,Melbourne - North East,20903,Nillumbik - Kinglake,209031212,Panton Hill - St Andrews,5124,292.2,17.5
2,Victoria,2GMEL,Greater Melbourne,209,Melbourne - North East,20903,Nillumbik - Kinglake,209031213,Plenty - Yarrambat,9522,29.1,327.0
2,Victoria,2GMEL,Greater Melbourne,209,Melbourne - North East,20903,Nillumbik - Kinglake,209031214,Research - North Warrandyte,6985,49.8,140.3
2,Victoria,2GMEL,Greater Melbourne,209,Melbourne - North East,20903,Nillumbik - Kinglake,209031215,Wattle Glen - Diamond Creek,14539,26.8,542.0
2,Victoria,2GMEL,Greater Melbourne,209,Melbourne - North East,20904,Whittlesea - Wallan,209041216,Bundoora - North,7429,4.7,1575.6
2,Victoria,2GMEL,Greater Melbourne,209,Melbourne - North East,20904,Whittlesea - Wallan,209041217,Bundoora - West,6239,2.6,2437.0
2,Victoria,2GMEL,Greater Melbourne,209,Melbourne - North East,20904,Whittlesea - Wallan,209041220,Mill Park - North,17647,8.1,2168.9
2,Victoria,2GMEL,Greater Melbourne,209,Melbourne - North East,20904,Whittlesea - Wallan,209041221,Mill Park - South,11342,4.9,2300.7
2,Victoria,2GMEL,Greater Melbourne,209,Melbourne - North East,20904,Whittlesea - Wallan,209041223,Thomastown,20211,14.7,1376.3
2,Victoria,2GMEL,Greater Melbourne,209,Melbourne - North East,20904,Whittlesea - Wallan,209041224,Wallan,22933,507.7,45.2
2,Victoria,2GMEL,Greater Melbourne,209,Melbourne - North East,20904,Whittlesea - Wallan,209041225,Whittlesea,10747,298.0,36.1
2,Victoria,2GMEL,Greater Melbourne,209,Melbourne - North East,20904,Whittlesea - Wallan,209041431,Epping - East,13272,7.8,1708.3
2,Victoria,2GMEL,Greater Melbourne,209,Melbourne - North East,20904,Whittlesea - Wallan,209041432,Epping - South,8282,15.9,521.8
2,Victoria,2GMEL,Greater Melbourne,209,Melbourne - North East,20904,Whittlesea - Wallan,209041433,Epping (Vic.) - West,12280,7.4,1669.1
2,Victoria,2GMEL,Greater Melbourne,209,Melbourne - North East,20904,Whittlesea - Wallan,209041435,South Morang - North,12713,13.7,927.3
2,Victoria,2GMEL,Greater Melbourne,209,Melbourne - North East,20904,Whittlesea - Wallan,209041436,South Morang - South,12514,7.7,1615.9
2,Victoria,2GMEL,Greater Melbourne,209,Melbourne - North East,20904,Whittlesea - Wallan,209041437,Wollert,24762,53.9,459.5
2,Victoria,2GMEL,Greater Melbourne,209,Melbourne - North East,20904,Whittlesea - Wallan,209041527,Doreen - North,16477,9.4,1745.6
2,Victoria,2GMEL,Greater Melbourne,209,Melbourne - North East,20904,Whittlesea - Wallan,209041528,Doreen - South,10587,5.0,2108.0
2,Victoria,2GMEL,Greater Melbourne,209,Melbourne - North East,20904,Whittlesea - Wallan,209041529,Lalor - East,10032,3.3,3018.8
2,Victoria,2GMEL,Greater Melbourne,209,Melbourne - North East,20904,Whittlesea - Wallan,209041530,Lalor - West,13631,8.7,1560.3
2,Victoria,2GMEL,Greater Melbourne,209,Melbourne - North East,20904,Whittlesea - Wallan,209041531,Mernda - North,11550,15.2,760.1
2,Victoria,2GMEL,Greater Melbourne,209,Melbourne - North East,20904,Whittlesea - Wallan,209041532,Mernda - South,12084,8.6,1400.8
2,Victoria,2GMEL,Greater Melbourne,210,Melbourne - North West,21001,Keilor,210011226,Airport West,8237,3.7,2214.6
2,Victoria,2GMEL,Greater Melbourne,210,Melbourne - North West,21001,Keilor,210011227,Essendon Airport,14,3.4,4.2
2,Victoria,2GMEL,Greater Melbourne,210,Melbourne - North West,21001,Keilor,210011228,Keilor,8596,17.5,490.9
2,Victoria,2GMEL,Greater Melbourne,210,Melbourne - North West,21001,Keilor,210011230,Niddrie - Essendon West,7520,2.8,2683.1
2,Victoria,2GMEL,Greater Melbourne,210,Melbourne - North West,21001,Keilor,210011231,Strathmore,10108,4.1,2439.0
2,Victoria,2GMEL,Greater Melbourne,210,Melbourne - North West,21001,Keilor,210011533,Avondale Heights,12471,5.4,2305.7
2,Victoria,2GMEL,Greater Melbourne,210,Melbourne - North West,21001,Keilor,210011534,Keilor East,15174,5.5,2767.6
2,Victoria,2GMEL,Greater Melbourne,210,Melbourne - North West,21002,Macedon Ranges,210021232,Gisborne,14332,211.1,67.9
2,Victoria,2GMEL,Greater Melbourne,210,Melbourne - North West,21002,Macedon Ranges,210021233,Macedon,3540,73.0,48.5
2,Victoria,2GMEL,Greater Melbourne,210,Melbourne - North West,21002,Macedon Ranges,210021234,Riddells Creek,4494,83.4,53.9
2,Victoria,2GMEL,Greater Melbourne,210,Melbourne - North West,21002,Macedon Ranges,210021235,Romsey,10832,624.7,17.3
2,Victoria,2GMEL,Greater Melbourne,210,Melbourne - North West,21003,Moreland - North,210031236,Coburg North,8513,4.9,1745.2
2,Victoria,2GMEL,Greater Melbourne,210,Melbourne - North West,21003,Moreland - North,210031237,Fawkner,14193,5.1,2791.3
2,Victoria,2GMEL,Greater Melbourne,210,Melbourne - North West,21003,Moreland - North,210031439,Gowanbrae,3141,1.5,2063.1
2,Victoria,2GMEL,Greater Melbourne,210,Melbourne - North West,21003,Moreland - North,210031440,Hadfield,6295,3.1,2063.8
2,Victoria,2GMEL,Greater Melbourne,210,Melbourne - North West,21003,Moreland - North,210031535,Glenroy - East,14989,6.2,2399.3
2,Victoria,2GMEL,Greater Melbourne,210,Melbourne - North West,21003,Moreland - North,210031536,Glenroy - West,8976,2.6,3437.9
2,Victoria,2GMEL,Greater Melbourne,210,Melbourne - North West,21003,Moreland - North,210031537,Oak Park,7976,2.4,3389.3
2,Victoria,2GMEL,Greater Melbourne,210,Melbourne - North West,21003,Moreland - North,210031538,Pascoe Vale,17409,4.6,3759.2
2,Victoria,2GMEL,Greater Melbourne,210,Melbourne - North West,21004,Sunbury,210041240,Sunbury,13786,129.5,106.4
2,Victoria,2GMEL,Greater Melbourne,210,Melbourne - North West,21004,Sunbury,210041539,Diggers Rest,5297,51.9,102.1
2,Victoria,2GMEL,Greater Melbourne,210,Melbourne - North West,21004,Sunbury,210041540,Sunbury - South,15095,41.4,364.2
2,Victoria,2GMEL,Greater Melbourne,210,Melbourne - North West,21004,Sunbury,210041541,Sunbury - West,11266,37.8,298.1
2,Victoria,2GMEL,Greater Melbourne,210,Melbourne - North West,21005,Tullamarine - Broadmeadows,210051242,Broadmeadows,14071,8.8,1594.1
2,Victoria,2GMEL,Greater Melbourne,210,Melbourne - North West,21005,Tullamarine - Broadmeadows,210051243,Campbellfield - Coolaroo,16255,18.2,893.8
2,Victoria,2GMEL,Greater Melbourne,210,Melbourne - North West,21005,Tullamarine - Broadmeadows,210051245,Gladstone Park - Westmeadows,18178,13.9,1304.4
2,Victoria,2GMEL,Greater Melbourne,210,Melbourne - North West,21005,Tullamarine - Broadmeadows,210051246,Greenvale - Bulla,22391,95.9,233.5
2,Victoria,2GMEL,Greater Melbourne,210,Melbourne - North West,21005,Tullamarine - Broadmeadows,210051247,Meadow Heights,15078,4.6,3260.0
2,Victoria,2GMEL,Greater Melbourne,210,Melbourne - North West,21005,Tullamarine - Broadmeadows,210051248,Melbourne Airport,129,30.4,4.2
2,Victoria,2GMEL,Greater Melbourne,210,Melbourne - North West,21005,Tullamarine - Broadmeadows,210051250,Tullamarine,6630,3.9,1717.8
2,Victoria,2GMEL,Greater Melbourne,210,Melbourne - North West,21005,Tullamarine - Broadmeadows,210051441,Craigieburn - Central,8197,4.0,2065.5
2,Victoria,2GMEL,Greater Melbourne,210,Melbourne - North West,21005,Tullamarine - Broadmeadows,210051442,Craigieburn - North,12448,13.4,932.3
2,Victoria,2GMEL,Greater Melbourne,210,Melbourne - North West,21005,Tullamarine - Broadmeadows,210051443,Craigieburn - South,22005,11.9,1847.0
2,Victoria,2GMEL,Greater Melbourne,210,Melbourne - North West,21005,Tullamarine - Broadmeadows,210051445,Mickleham - Yuroke,23731,70.8,335.0
2,Victoria,2GMEL,Greater Melbourne,210,Melbourne - North West,21005,Tullamarine - Broadmeadows,210051542,Craigieburn - North West,9969,1.9,5192.7
2,Victoria,2GMEL,Greater Melbourne,210,Melbourne - North West,21005,Tullamarine - Broadmeadows,210051543,Craigieburn - West,13185,4.1,3224.5
2,Victoria,2GMEL,Greater Melbourne,210,Melbourne - North West,21005,Tullamarine - Broadmeadows,210051544,Roxburgh Park (South) - Somerton,9584,8.9,1079.7
2,Victoria,2GMEL,Greater Melbourne,210,Melbourne - North West,21005,Tullamarine - Broadmeadows,210051545,Roxburgh Park - North,14849,3.4,4349.7
2,Victoria,2GMEL,Greater Melbourne,211,Melbourne - Outer East,21101,Knox,211011251,Bayswater,12707,8.0,1579.7
2,Victoria,2GMEL,Greater Melbourne,211,Melbourne - Outer East,21101,Knox,211011254,Knoxfield - Scoresby,16733,15.3,1096.2
2,Victoria,2GMEL,Greater Melbourne,211,Melbourne - Outer East,21101,Knox,211011255,Lysterfield,6656,18.5,359.9
2,Victoria,2GMEL,Greater Melbourne,211,Melbourne - Outer East,21101,Knox,211011256,Rowville - Central,15540,8.2,1895.1
2,Victoria,2GMEL,Greater Melbourne,211,Melbourne - Outer East,21101,Knox,211011257,Rowville - North,7963,4.2,1910.1
2,Victoria,2GMEL,Greater Melbourne,211,Melbourne - Outer East,21101,Knox,211011258,Rowville - South,10464,9.4,1118.8
2,Victoria,2GMEL,Greater Melbourne,211,Melbourne - Outer East,21101,Knox,211011259,Wantirna,14450,8.3,1739.6
2,Victoria,2GMEL,Greater Melbourne,211,Melbourne - Outer East,21101,Knox,211011260,Wantirna South,18102,13.4,1355.4
2,Victoria,2GMEL,Greater Melbourne,211,Melbourne - Outer East,21101,Knox,211011446,Boronia,23831,11.3,2115.8
2,Victoria,2GMEL,Greater Melbourne,211,Melbourne - Outer East,21101,Knox,211011447,Ferntree Gully - North,14249,7.0,2039.9
2,Victoria,2GMEL,Greater Melbourne,211,Melbourne - Outer East,21101,Knox,211011448,Ferntree Gully (South) - Upper Ferntree Gully,15448,9.1,1688.3
2,Victoria,2GMEL,Greater Melbourne,211,Melbourne - Outer East,21101,Knox,211011449,The Basin,4380,5.7,766.2
2,Victoria,2GMEL,Greater Melbourne,211,Melbourne - Outer East,21102,Manningham - East,211021261,Donvale - Park Orchards,16406,20.8,788.6
2,Victoria,2GMEL,Greater Melbourne,211,Melbourne - Outer East,21102,Manningham - East,211021262,Warrandyte - Wonga Park,10183,45.8,222.5
2,Victoria,2GMEL,Greater Melbourne,211,Melbourne - Outer East,21103,Maroondah,211031263,Bayswater North,11968,9.9,1207.8
2,Victoria,2GMEL,Greater Melbourne,211,Melbourne - Outer East,21103,Maroondah,211031265,Croydon Hills - Warranwood,18235,9.5,1921.1
2,Victoria,2GMEL,Greater Melbourne,211,Melbourne - Outer East,21103,Maroondah,211031266,Ringwood,18919,9.9,1909.0
2,Victoria,2GMEL,Greater Melbourne,211,Melbourne - Outer East,21103,Maroondah,211031267,Ringwood East,21351,9.4,2273.1
2,Victoria,2GMEL,Greater Melbourne,211,Melbourne - Outer East,21103,Maroondah,211031268,Ringwood North,9726,4.7,2055.9
2,Victoria,2GMEL,Greater Melbourne,211,Melbourne - Outer East,21103,Maroondah,211031450,Croydon - East,16233,8.1,2004.5
2,Victoria,2GMEL,Greater Melbourne,211,Melbourne - Outer East,21103,Maroondah,211031451,Croydon - West,14247,6.8,2095.8
2,Victoria,2GMEL,Greater Melbourne,211,Melbourne - Outer East,21103,Maroondah,211031452,Croydon South,4936,2.9,1728.3
2,Victoria,2GMEL,Greater Melbourne,211,Melbourne - Outer East,21104,Whitehorse - East,211041269,Forest Hill,10866,4.1,2669.6
2,Victoria,2GMEL,Greater Melbourne,211,Melbourne - Outer East,21104,Whitehorse - East,211041270,Mitcham (Vic.),16935,6.6,2555.4
2,Victoria,2GMEL,Greater Melbourne,211,Melbourne - Outer East,21104,Whitehorse - East,211041271,Nunawading,12522,5.1,2465.7
2,Victoria,2GMEL,Greater Melbourne,211,Melbourne - Outer East,21104,Whitehorse - East,211041272,Vermont,11083,4.6,2404.2
2,Victoria,2GMEL,Greater Melbourne,211,Melbourne - Outer East,21104,Whitehorse - East,211041273,Vermont South,12044,6.2,1947.6
2,Victoria,2GMEL,Greater Melbourne,211,Melbourne - Outer East,21105,Yarra Ranges,211051274,Belgrave - Selby,10095,55.7,181.4
2,Victoria,2GMEL,Greater Melbourne,211,Melbourne - Outer East,21105,Yarra Ranges,211051275,Chirnside Park,11873,22.2,534.8
2,Victoria,2GMEL,Greater Melbourne,211,Melbourne - Outer East,21105,Yarra Ranges,211051276,Healesville - Yarra Glen,14181,369.5,38.4
2,Victoria,2GMEL,Greater Melbourne,211,Melbourne - Outer East,21105,Yarra Ranges,211051277,Kilsyth,9980,8.2,1210.8
2,Victoria,2GMEL,Greater Melbourne,211,Melbourne - Outer East,21105,Yarra Ranges,211051278,Lilydale - Coldstream,19783,109.4,180.9
2,Victoria,2GMEL,Greater Melbourne,211,Melbourne - Outer East,21105,Yarra Ranges,211051279,Monbulk - Silvan,5857,68.6,85.4
2,Victoria,2GMEL,Greater Melbourne,211,Melbourne - Outer East,21105,Yarra Ranges,211051280,Montrose,6995,10.5,663.5
2,Victoria,2GMEL,Greater Melbourne,211,Melbourne - Outer East,21105,Yarra Ranges,211051281,Mooroolbark,23447,12.5,1869.3
2,Victoria,2GMEL,Greater Melbourne,211,Melbourne - Outer East,21105,Yarra Ranges,211051282,Mount Dandenong - Olinda,9771,81.9,119.3
2,Victoria,2GMEL,Greater Melbourne,211,Melbourne - Outer East,21105,Yarra Ranges,211051283,Mount Evelyn,9863,17.0,580.5
2,Victoria,2GMEL,Greater Melbourne,211,Melbourne - Outer East,21105,Yarra Ranges,211051284,Upwey - Tecoma,9848,8.9,1107.7
2,Victoria,2GMEL,Greater Melbourne,211,Melbourne - Outer East,21105,Yarra Ranges,211051285,Wandin - Seville,7959,111.8,71.2
2,Victoria,2GMEL,Greater Melbourne,211,Melbourne - Outer East,21105,Yarra Ranges,211051286,Yarra Valley,16948,729.8,23.2
2,Victoria,2GMEL,Greater Melbourne,212,Melbourne - South East,21201,Cardinia,212011289,Emerald - Cockatoo,18797,371.6,50.6
2,Victoria,2GMEL,Greater Melbourne,212,Melbourne - South East,21201,Cardinia,212011546,Beaconsfield - Officer,23947,33.3,720.2
2,Victoria,2GMEL,Greater Melbourne,212,Melbourne - South East,21201,Cardinia,212011547,Bunyip - Garfield,9939,366.0,27.2
2,Victoria,2GMEL,Greater Melbourne,212,Melbourne - South East,21201,Cardinia,212011548,Koo Wee Rup,10148,414.7,24.5
2,Victoria,2GMEL,Greater Melbourne,212,Melbourne - South East,21201,Cardinia,212011549,Pakenham - North East,15615,18.9,824.9
2,Victoria,2GMEL,Greater Melbourne,212,Melbourne - South East,21201,Cardinia,212011550,Pakenham - North West,7563,24.7,306.5
2,Victoria,2GMEL,Greater Melbourne,212,Melbourne - South East,21201,Cardinia,212011551,Pakenham - South East,6491,30.9,209.8
2,Victoria,2GMEL,Greater Melbourne,212,Melbourne - South East,21201,Cardinia,212011552,Pakenham - South West,27169,22.3,1219.5
2,Victoria,2GMEL,Greater Melbourne,212,Melbourne - South East,21202,Casey - North,212021293,Berwick - North,23187,19.7,1174.1
2,Victoria,2GMEL,Greater Melbourne,212,Melbourne - South East,21202,Casey - North,212021295,Doveton,12061,5.2,2322.3
2,Victoria,2GMEL,Greater Melbourne,212,Melbourne - South East,21202,Casey - North,212021297,Hallam,11603,8.1,1440.2
2,Victoria,2GMEL,Greater Melbourne,212,Melbourne - South East,21202,Casey - North,212021299,Narre Warren North,8310,34.4,241.5
2,Victoria,2GMEL,Greater Melbourne,212,Melbourne - South East,21202,Casey - North,212021453,Endeavour Hills - North,12191,14.5,842.2
2,Victoria,2GMEL,Greater Melbourne,212,Melbourne - South East,21202,Casey - North,212021454,Endeavour Hills - South,13464,5.6,2409.8
2,Victoria,2GMEL,Greater Melbourne,212,Melbourne - South East,21202,Casey - North,212021455,Narre Warren - North East,13620,4.9,2794.4
2,Victoria,2GMEL,Greater Melbourne,212,Melbourne - South East,21202,Casey - North,212021456,Narre Warren - South West,14905,9.3,1601.8
2,Victoria,2GMEL,Greater Melbourne,212,Melbourne - South East,21202,Casey - North,212021553,Berwick - South East,17980,9.9,1819.2
2,Victoria,2GMEL,Greater Melbourne,212,Melbourne - South East,21202,Casey - North,212021554,Berwick - South West,11359,5.0,2284.9
2,Victoria,2GMEL,Greater Melbourne,212,Melbourne - South East,21203,Casey - South,212031300,Cranbourne,21580,13.0,1656.6
2,Victoria,2GMEL,Greater Melbourne,212,Melbourne - South East,21203,Casey - South,212031303,Cranbourne South,17613,81.7,215.7
2,Victoria,2GMEL,Greater Melbourne,212,Melbourne - South East,21203,Casey - South,212031304,Cranbourne West,21834,12.9,1692.8
2,Victoria,2GMEL,Greater Melbourne,212,Melbourne - South East,21203,Casey - South,212031306,Lynbrook - Lyndhurst,18270,7.4,2482.9
2,Victoria,2GMEL,Greater Melbourne,212,Melbourne - South East,21203,Casey - South,212031308,Pearcedale - Tooradin,8082,98.5,82.0
2,Victoria,2GMEL,Greater Melbourne,212,Melbourne - South East,21203,Casey - South,212031457,Narre Warren South - East,13266,6.2,2132.7
2,Victoria,2GMEL,Greater Melbourne,212,Melbourne - South East,21203,Casey - South,212031458,Narre Warren South - West,16932,6.8,2498.4
2,Victoria,2GMEL,Greater Melbourne,212,Melbourne - South East,21203,Casey - South,212031555,Clyde North - North,10642,6.9,1546.1
2,Victoria,2GMEL,Greater Melbourne,212,Melbourne - South East,21203,Casey - South,212031556,Clyde North - South,15023,19.7,764.4
2,Victoria,2GMEL,Greater Melbourne,212,Melbourne - South East,21203,Casey - South,212031557,Cranbourne East - North,23753,11.0,2154.4
2,Victoria,2GMEL,Greater Melbourne,212,Melbourne - South East,21203,Casey - South,212031558,Cranbourne East - South,12432,5.3,2333.7
2,Victoria,2GMEL,Greater Melbourne,212,Melbourne - South East,21203,Casey - South,212031559,Cranbourne North - East,12920,5.5,2368.7
2,Victoria,2GMEL,Greater Melbourne,212,Melbourne - South East,21203,Casey - South,212031560,Cranbourne North - West,12042,4.8,2516.7
2,Victoria,2GMEL,Greater Melbourne,212,Melbourne - South East,21203,Casey - South,212031561,Hampton Park - East,12861,8.2,1564.8
2,Victoria,2GMEL,Greater Melbourne,212,Melbourne - South East,21203,Casey - South,212031562,Hampton Park - West,13523,5.1,2639.5
2,Victoria,2GMEL,Greater Melbourne,212,Melbourne - South East,21204,Dandenong,212041309,Clarinda - Oakleigh South,11656,6.3,1843.5
2,Victoria,2GMEL,Greater Melbourne,212,Melbourne - South East,21204,Dandenong,212041310,Clayton South,13570,7.9,1709.5
2,Victoria,2GMEL,Greater Melbourne,212,Melbourne - South East,21204,Dandenong,212041312,Dandenong North,22839,9.5,2414.5
2,Victoria,2GMEL,Greater Melbourne,212,Melbourne - South East,21204,Dandenong,212041313,Dingley Village,10554,7.2,1457.0
2,Victoria,2GMEL,Greater Melbourne,212,Melbourne - South East,21204,Dandenong,212041316,Noble Park North,7520,3.8,2001.4
2,Victoria,2GMEL,Greater Melbourne,212,Melbourne - South East,21204,Dandenong,212041317,Springvale,22537,11.1,2029.4
2,Victoria,2GMEL,Greater Melbourne,212,Melbourne - South East,21204,Dandenong,212041318,Springvale South,12738,4.6,2793.4
2,Victoria,2GMEL,Greater Melbourne,212,Melbourne - South East,21204,Dandenong,212041459,Noble Park - East,12901,3.8,3424.7
2,Victoria,2GMEL,Greater Melbourne,212,Melbourne - South East,21204,Dandenong,212041460,Noble Park - West,19818,4.8,4133.4
2,Victoria,2GMEL,Greater Melbourne,212,Melbourne - South East,21204,Dandenong,212041563,Dandenong - North,21833,8.0,2715.2
2,Victoria,2GMEL,Greater Melbourne,212,Melbourne - South East,21204,Dandenong,212041564,Dandenong - South,9497,53.8,176.6
2,Victoria,2GMEL,Greater Melbourne,212,Melbourne - South East,21204,Dandenong,212041565,Keysborough - North,15204,6.6,2301.8
2,Victoria,2GMEL,Greater Melbourne,212,Melbourne - South East,21204,Dandenong,212041566,Keysborough - South,15284,23.7,645.6
2,Victoria,2GMEL,Greater Melbourne,212,Melbourne - South East,21205,Monash,212051319,Ashwood - Chadstone,19790,6.7,2949.9
2,Victoria,2GMEL,Greater Melbourne,212,Melbourne - South East,21205,Monash,212051321,Glen Waverley - East,21899,9.2,2389.5
2,Victoria,2GMEL,Greater Melbourne,212,Melbourne - South East,21205,Monash,212051322,Glen Waverley - West,21324,7.7,2778.1
2,Victoria,2GMEL,Greater Melbourne,212,Melbourne - South East,21205,Monash,212051323,Mount Waverley - North,16241,6.5,2504.8
2,Victoria,2GMEL,Greater Melbourne,212,Melbourne - South East,21205,Monash,212051324,Mount Waverley - South,19475,8.7,2238.4
2,Victoria,2GMEL,Greater Melbourne,212,Melbourne - South East,21205,Monash,212051325,Mulgrave,20078,10.7,1873.1
2,Victoria,2GMEL,Greater Melbourne,212,Melbourne - South East,21205,Monash,212051326,Oakleigh - Huntingdale,23254,10.2,2286.5
2,Victoria,2GMEL,Greater Melbourne,212,Melbourne - South East,21205,Monash,212051327,Wheelers Hill,20854,10.4,1997.6
2,Victoria,2GMEL,Greater Melbourne,212,Melbourne - South East,21205,Monash,212051567,Clayton (North) - Notting Hill,10114,5.2,1934.1
2,Victoria,2GMEL,Greater Melbourne,212,Melbourne - South East,21205,Monash,212051568,Clayton - Central,12378,4.2,2959.9
2,Victoria,2GMEL,Greater Melbourne,213,Melbourne - West,21301,Brimbank,213011328,Ardeer - Albion,7595,4.6,1655.3
2,Victoria,2GMEL,Greater Melbourne,213,Melbourne - West,21301,Brimbank,213011329,Cairnlea,10144,4.4,2302.3
2,Victoria,2GMEL,Greater Melbourne,213,Melbourne - West,21301,Brimbank,213011331,Delahey,8154,3.5,2326.1
2,Victoria,2GMEL,Greater Melbourne,213,Melbourne - West,21301,Brimbank,213011332,Keilor Downs,13193,7.7,1722.4
2,Victoria,2GMEL,Greater Melbourne,213,Melbourne - West,21301,Brimbank,213011333,Kings Park (Vic.),14081,4.4,3176.9
2,Victoria,2GMEL,Greater Melbourne,213,Melbourne - West,21301,Brimbank,213011334,St Albans - North,20850,6.5,3196.6
2,Victoria,2GMEL,Greater Melbourne,213,Melbourne - West,21301,Brimbank,213011335,St Albans - South,17666,6.3,2819.9
2,Victoria,2GMEL,Greater Melbourne,213,Melbourne - West,21301,Brimbank,213011336,Sunshine,9576,4.7,2023.7
2,Victoria,2GMEL,Greater Melbourne,213,Melbourne - West,21301,Brimbank,213011337,Sunshine North,12163,8.0,1515.8
2,Victoria,2GMEL,Greater Melbourne,213,Melbourne - West,21301,Brimbank,213011338,Sunshine West,18779,13.0,1448.0
2,Victoria,2GMEL,Greater Melbourne,213,Melbourne - West,21301,Brimbank,213011339,Sydenham,11866,3.9,3005.6
2,Victoria,2GMEL,Greater Melbourne,213,Melbourne - West,21301,Brimbank,213011340,Taylors Lakes,17071,18.5,924.6
2,Victoria,2GMEL,Greater Melbourne,213,Melbourne - West,21301,Brimbank,213011569,Deer Park,18230,8.1,2257.1
2,Victoria,2GMEL,Greater Melbourne,213,Melbourne - West,21301,Brimbank,213011570,Derrimut,8751,13.3,660.1
2,Victoria,2GMEL,Greater Melbourne,213,Melbourne - West,21302,Hobsons Bay,213021341,Altona,13652,17.7,772.1
2,Victoria,2GMEL,Greater Melbourne,213,Melbourne - West,21302,Hobsons Bay,213021342,Altona Meadows,18665,10.5,1770.6
2,Victoria,2GMEL,Greater Melbourne,213,Melbourne - West,21302,Hobsons Bay,213021343,Altona North,15086,16.2,932.1
2,Victoria,2GMEL,Greater Melbourne,213,Melbourne - West,21302,Hobsons Bay,213021344,Newport,18985,8.8,2147.5
2,Victoria,2GMEL,Greater Melbourne,213,Melbourne - West,21302,Hobsons Bay,213021345,Seabrook,5002,1.6,3087.8
2,Victoria,2GMEL,Greater Melbourne,213,Melbourne - West,21302,Hobsons Bay,213021346,Williamstown,16074,7.3,2188.0
2,Victoria,2GMEL,Greater Melbourne,213,Melbourne - West,21303,Maribyrnong,213031347,Braybrook,19361,7.5,2586.9
2,Victoria,2GMEL,Greater Melbourne,213,Melbourne - West,21303,Maribyrnong,213031348,Footscray,17420,5.0,3507.1
2,Victoria,2GMEL,Greater Melbourne,213,Melbourne - West,21303,Maribyrnong,213031349,Maribyrnong,12715,5.5,2314.6
2,Victoria,2GMEL,Greater Melbourne,213,Melbourne - West,21303,Maribyrnong,213031350,Seddon - Kingsville,9364,1.7,5572.8
2,Victoria,2GMEL,Greater Melbourne,213,Melbourne - West,21303,Maribyrnong,213031351,West Footscray - Tottenham,11885,6.0,1987.2
2,Victoria,2GMEL,Greater Melbourne,213,Melbourne - West,21303,Maribyrnong,213031352,Yarraville,15653,5.6,2785.2
2,Victoria,2GMEL,Greater Melbourne,213,Melbourne - West,21304,Melton - Bacchus Marsh,213041353,Bacchus Marsh,25045,196.3,127.6
2,Victoria,2GMEL,Greater Melbourne,213,Melbourne - West,21304,Melton - Bacchus Marsh,213041358,Melton West,21502,24.2,888.4
2,Victoria,2GMEL,Greater Melbourne,213,Melbourne - West,21304,Melton - Bacchus Marsh,213041359,Rockbank - Mount Cottrell,17836,125.8,141.8
2,Victoria,2GMEL,Greater Melbourne,213,Melbourne - West,21304,Melton - Bacchus Marsh,213041360,Taylors Hill,19800,6.0,3317.7
2,Victoria,2GMEL,Greater Melbourne,213,Melbourne - West,21304,Melton - Bacchus Marsh,213041461,Burnside,5855,2.6,2294.3
2,Victoria,2GMEL,Greater Melbourne,213,Melbourne - West,21304,Melton - Bacchus Marsh,213041462,Burnside Heights,6442,2.0,3228.4
2,Victoria,2GMEL,Greater Melbourne,213,Melbourne - West,21304,Melton - Bacchus Marsh,213041463,Caroline Springs,20643,7.0,2969.1
2,Victoria,2GMEL,Greater Melbourne,213,Melbourne - West,21304,Melton - Bacchus Marsh,213041571,Brookfield,9939,10.7,929.5
2,Victoria,2GMEL,Greater Melbourne,213,Melbourne - West,21304,Melton - Bacchus Marsh,213041572,Cobblebank - Strathtulloh,7708,19.8,390.1
2,Victoria,2GMEL,Greater Melbourne,213,Melbourne - West,21304,Melton - Bacchus Marsh,213041573,Eynesbury - Exford,3024,69.5,43.5
2,Victoria,2GMEL,Greater Melbourne,213,Melbourne - West,21304,Melton - Bacchus Marsh,213041574,Fraser Rise - Plumpton,10223,58.7,174.1
2,Victoria,2GMEL,Greater Melbourne,213,Melbourne - West,21304,Melton - Bacchus Marsh,213041575,Hillside,16335,7.8,2089.8
2,Victoria,2GMEL,Greater Melbourne,213,Melbourne - West,21304,Melton - Bacchus Marsh,213041576,Kurunjang - Toolern Vale,11745,120.8,97.2
2,Victoria,2GMEL,Greater Melbourne,213,Melbourne - West,21304,Melton - Bacchus Marsh,213041577,Melton,7968,9.9,808.0
2,Victoria,2GMEL,Greater Melbourne,213,Melbourne - West,21304,Melton - Bacchus Marsh,213041578,Melton South - Weir Views,16906,11.0,1534.0
2,Victoria,2GMEL,Greater Melbourne,213,Melbourne - West,21305,Wyndham,213051361,Hoppers Crossing - North,18663,10.9,1710.1
2,Victoria,2GMEL,Greater Melbourne,213,Melbourne - West,21305,Wyndham,213051362,Hoppers Crossing - South,19003,7.0,2710.3
2,Victoria,2GMEL,Greater Melbourne,213,Melbourne - West,21305,Wyndham,213051363,Laverton,11643,22.2,523.4
2,Victoria,2GMEL,Greater Melbourne,213,Melbourne - West,21305,Wyndham,213051368,Werribee - South,16985,114.0,148.9
2,Victoria,2GMEL,Greater Melbourne,213,Melbourne - West,21305,Wyndham,213051464,Point Cook - East,19585,19.0,1028.9
2,Victoria,2GMEL,Greater Melbourne,213,Melbourne - West,21305,Wyndham,213051466,Point Cook - South,19385,9.4,2057.4
2,Victoria,2GMEL,Greater Melbourne,213,Melbourne - West,21305,Wyndham,213051467,Werribee - East,19241,7.8,2480.5
2,Victoria,2GMEL,Greater Melbourne,213,Melbourne - West,21305,Wyndham,213051468,Werribee - West,22661,127.7,177.5
2,Victoria,2GMEL,Greater Melbourne,213,Melbourne - West,21305,Wyndham,213051579,Manor Lakes - Quandong,10781,72.0,149.7
2,Victoria,2GMEL,Greater Melbourne,213,Melbourne - West,21305,Wyndham,213051580,Point Cook - North East,14330,5.6,2580.7
2,Victoria,2GMEL,Greater Melbourne,213,Melbourne - West,21305,Wyndham,213051581,Point Cook - North West,9690,2.9,3298.2
2,Victoria,2GMEL,Greater Melbourne,213,Melbourne - West,21305,Wyndham,213051582,Tarneit (West) - Mount Cottrell,10301,36.7,280.6
2,Victoria,2GMEL,Greater Melbourne,213,Melbourne - West,21305,Wyndham,213051583,Tarneit - Central,28573,8.0,3589.3
2,Victoria,2GMEL,Greater Melbourne,213,Melbourne - West,21305,Wyndham,213051584,Tarneit - North,7331,14.3,511.0
2,Victoria,2GMEL,Greater Melbourne,213,Melbourne - West,21305,Wyndham,213051585,Tarneit - South,11306,3.1,3612.0
2,Victoria,2GMEL,Greater Melbourne,213,Melbourne - West,21305,Wyndham,213051586,Truganina - North,9532,17.5,544.1
2,Victoria,2GMEL,Greater Melbourne,213,Melbourne - West,21305,Wyndham,213051587,Truganina - South East,9751,4.3,2284.9
2,Victoria,2GMEL,Greater Melbourne,213,Melbourne - West,21305,Wyndham,213051588,Truganina - South West,19385,5.4,3604.6
2,Victoria,2GMEL,Greater Melbourne,213,Melbourne - West,21305,Wyndham,213051589,Wyndham Vale - North,9163,51.2,178.8
2,Victoria,2GMEL,Greater Melbourne,213,Melbourne - West,21305,Wyndham,213051590,Wyndham Vale - South,13695,5.0,2762.5
2,Victoria,2GMEL,Greater Melbourne,214,Mornington Peninsula,21401,Frankston,214011370,Carrum Downs,22262,20.3,1096.2
2,Victoria,2GMEL,Greater Melbourne,214,Mornington Peninsula,21401,Frankston,214011371,Frankston,23908,11.6,2056.7
2,Victoria,2GMEL,Greater Melbourne,214,Mornington Peninsula,21401,Frankston,214011372,Frankston North,19665,13.2,1485.5
2,Victoria,2GMEL,Greater Melbourne,214,Mornington Peninsula,21401,Frankston,214011373,Frankston South,18948,14.6,1301.3
2,Victoria,2GMEL,Greater Melbourne,214,Mornington Peninsula,21401,Frankston,214011374,Langwarrin,25248,37.6,671.1
2,Victoria,2GMEL,Greater Melbourne,214,Mornington Peninsula,21401,Frankston,214011375,Seaford (Vic.),17359,12.4,1396.3
2,Victoria,2GMEL,Greater Melbourne,214,Mornington Peninsula,21401,Frankston,214011376,Skye - Sandhurst,13419,19.8,677.2
2,Victoria,2GMEL,Greater Melbourne,214,Mornington Peninsula,21402,Mornington Peninsula,214021377,Dromana,13460,45.1,298.7
2,Victoria,2GMEL,Greater Melbourne,214,Mornington Peninsula,21402,Mornington Peninsula,214021378,Flinders,6021,287.4,21.0
2,Victoria,2GMEL,Greater Melbourne,214,Mornington Peninsula,21402,Mornington Peninsula,214021379,Hastings - Somers,24240,108.9,222.6
2,Victoria,2GMEL,Greater Melbourne,214,Mornington Peninsula,21402,Mornington Peninsula,214021381,Mount Eliza,18923,23.2,815.4
2,Victoria,2GMEL,Greater Melbourne,214,Mornington Peninsula,21402,Mornington Peninsula,214021382,Mount Martha,20020,30.2,662.7
2,Victoria,2GMEL,Greater Melbourne,214,Mornington Peninsula,21402,Mornington Peninsula,214021383,Point Nepean,19990,67.2,297.5
2,Victoria,2GMEL,Greater Melbourne,214,Mornington Peninsula,21402,Mornington Peninsula,214021384,Rosebud - McCrae,23139,23.8,972.4
2,Victoria,2GMEL,Greater Melbourne,214,Mornington Peninsula,21402,Mornington Peninsula,214021385,Somerville,18688,117.4,159.2
2,Victoria,2GMEL,Greater Melbourne,214,Mornington Peninsula,21402,Mornington Peninsula,214021591,Mornington - East,15273,14.7,1039.8
2,Victoria,2GMEL,Greater Melbourne,214,Mornington Peninsula,21402,Mornington Peninsula,214021592,Mornington - West,10636,6.4,1660.7
2,Victoria,2RVIC,Rest of Vic.,215,North West,21501,Grampians,215011386,Ararat,8468,161.2,52.5
2,Victoria,2RVIC,Rest of Vic.,215,North West,21501,Grampians,215011387,Ararat Surrounds,3180,4023.2,0.8
2,Victoria,2RVIC,Rest of Vic.,215,North West,21501,Grampians,215011388,Horsham,16944,83.1,204.0
2,Victoria,2RVIC,Rest of Vic.,215,North West,21501,Grampians,215011389,Horsham Surrounds,3451,4251.5,0.8
2,Victoria,2RVIC,Rest of Vic.,215,North West,21501,Grampians,215011390,Nhill Region,6907,11042.8,0.6
2,Victoria,2RVIC,Rest of Vic.,215,North West,21501,Grampians,215011391,St Arnaud,3429,3008.6,1.1
2,Victoria,2RVIC,Rest of Vic.,215,North West,21501,Grampians,215011392,Stawell,8465,2743.4,3.1
2,Victoria,2RVIC,Rest of Vic.,215,North West,21501,Grampians,215011393,West Wimmera,2748,5686.4,0.5
2,Victoria,2RVIC,Rest of Vic.,215,North West,21501,Grampians,215011394,Yarriambiack,6454,7139.6,0.9
2,Victoria,2RVIC,Rest of Vic.,215,North West,21502,Mildura,215021395,Irymple,7679,88.6,86.7
2,Victoria,2RVIC,Rest of Vic.,215,North West,21502,Mildura,215021396,Merbein,4953,101.7,48.7
2,Victoria,2RVIC,Rest of Vic.,215,North West,21502,Mildura,215021398,Mildura Surrounds,3709,21568.8,0.2
2,Victoria,2RVIC,Rest of Vic.,215,North West,21502,Mildura,215021399,Red Cliffs,6123,246.7,24.8
2,Victoria,2RVIC,Rest of Vic.,215,North West,21502,Mildura,215021469,Mildura - North,18088,25.1,720.1
2,Victoria,2RVIC,Rest of Vic.,215,North West,21502,Mildura,215021470,Mildura - South,16417,51.0,321.9
2,Victoria,2RVIC,Rest of Vic.,215,North West,21503,Murray River - Swan Hill,215031400,Buloke,6134,8068.7,0.8
2,Victoria,2RVIC,Rest of Vic.,215,North West,21503,Murray River - Swan Hill,215031401,Gannawarra,6664,3568.3,1.9
2,Victoria,2RVIC,Rest of Vic.,215,North West,21503,Murray River - Swan Hill,215031402,Kerang,3943,146.6,26.9
2,Victoria,2RVIC,Rest of Vic.,215,North West,21503,Murray River - Swan Hill,215031403,Robinvale,3753,181.6,20.7
2,Victoria,2RVIC,Rest of Vic.,215,North West,21503,Murray River - Swan Hill,215031404,Swan Hill,11169,126.6,88.2
2,Victoria,2RVIC,Rest of Vic.,215,North West,21503,Murray River - Swan Hill,215031405,Swan Hill Surrounds,6462,5759.6,1.1
2,Victoria,2RVIC,Rest of Vic.,216,Shepparton,21601,Campaspe,216011406,Echuca,15587,184.0,84.7
2,Victoria,2RVIC,Rest of Vic.,216,Shepparton,21601,Campaspe,216011407,Kyabram,11055,738.9,15.0
2,Victoria,2RVIC,Rest of Vic.,216,Shepparton,21601,Campaspe,216011408,Lockington - Gunbower,3908,1646.4,2.4
2,Victoria,2RVIC,Rest of Vic.,216,Shepparton,21601,Campaspe,216011409,Rochester,3987,351.6,11.3
2,Victoria,2RVIC,Rest of Vic.,216,Shepparton,21601,Campaspe,216011410,Rushworth,4166,1633.9,2.5
2,Victoria,2RVIC,Rest of Vic.,216,Shepparton,21602,Moira,216021411,Cobram,6438,131.7,48.9
2,Victoria,2RVIC,Rest of Vic.,216,Shepparton,21602,Moira,216021412,Moira,2829,1498.8,1.9
2,Victoria,2RVIC,Rest of Vic.,216,Shepparton,21602,Moira,216021413,Numurkah,12499,2320.7,5.4
2,Victoria,2RVIC,Rest of Vic.,216,Shepparton,21602,Moira,216021414,Yarrawonga,8585,94.7,90.7
2,Victoria,2RVIC,Rest of Vic.,216,Shepparton,21603,Shepparton,216031415,Mooroopna,8311,40.0,207.9
2,Victoria,2RVIC,Rest of Vic.,216,Shepparton,21603,Shepparton,216031416,Shepparton - North,20034,65.7,305.1
2,Victoria,2RVIC,Rest of Vic.,216,Shepparton,21603,Shepparton,216031418,Shepparton Surrounds - East,4012,1055.6,3.8
2,Victoria,2RVIC,Rest of Vic.,216,Shepparton,21603,Shepparton,216031419,Shepparton Surrounds - West,10326,1028.7,10.0
2,Victoria,2RVIC,Rest of Vic.,216,Shepparton,21603,Shepparton,216031593,Kialla,9066,77.4,117.1
2,Victoria,2RVIC,Rest of Vic.,216,Shepparton,21603,Shepparton,216031594,Shepparton - South East,16572,65.8,251.7
2,Victoria,2RVIC,Rest of Vic.,217,Warrnambool and South West,21701,Glenelg - Southern Grampians,217011420,Glenelg (Vic.),8871,6121.4,1.4
2,Victoria,2RVIC,Rest of Vic.,217,Warrnambool and South West,21701,Glenelg - Southern Grampians,217011421,Hamilton (Vic.),10284,198.3,51.9
2,Victoria,2RVIC,Rest of Vic.,217,Warrnambool and South West,21701,Glenelg - Southern Grampians,217011422,Portland,11182,64.0,174.8
2,Victoria,2RVIC,Rest of Vic.,217,Warrnambool and South West,21701,Glenelg - Southern Grampians,217011423,Southern Grampians,6264,6562.6,1.0
2,Victoria,2RVIC,Rest of Vic.,217,Warrnambool and South West,21703,Colac - Corangamite,217031471,Camperdown,3470,98.1,35.4
2,Victoria,2RVIC,Rest of Vic.,217,Warrnambool and South West,21703,Colac - Corangamite,217031472,Colac,12696,54.7,232.0
2,Victoria,2RVIC,Rest of Vic.,217,Warrnambool and South West,21703,Colac - Corangamite,217031473,Colac Surrounds,5643,1934.3,2.9
2,Victoria,2RVIC,Rest of Vic.,217,Warrnambool and South West,21703,Colac - Corangamite,217031474,Corangamite - North,5358,2538.3,2.1
2,Victoria,2RVIC,Rest of Vic.,217,Warrnambool and South West,21703,Colac - Corangamite,217031475,Corangamite - South,7148,1805.2,4.0
2,Victoria,2RVIC,Rest of Vic.,217,Warrnambool and South West,21703,Colac - Corangamite,217031476,Otway,3978,1505.9,2.6
2,Victoria,2RVIC,Rest of Vic.,217,Warrnambool and South West,21704,Warrnambool,217041477,Moyne - East,6989,3275.8,2.1
2,Victoria,2RVIC,Rest of Vic.,217,Warrnambool and South West,21704,Warrnambool,217041478,Moyne - West,9963,2037.8,4.9
2,Victoria,2RVIC,Rest of Vic.,217,Warrnambool and South West,21704,Warrnambool,217041479,Warrnambool - North,22462,62.4,359.9
2,Victoria,2RVIC,Rest of Vic.,217,Warrnambool and South West,21704,Warrnambool,217041480,Warrnambool - South,13292,120.2,110.6
